{
  "document_corners": [
    [
      442.0,
      362.0
    ],
    [
      625.0,
      339.0
    ],
    [
      637.0,
      425.0
    ],
    [
      454.0,
      444.0
    ]
  ],
  "enhancement_applied": [
    "gamma_correction",
    "clahe_lab",
    "saturation_boost",
    "sharpening",
    "noise_reduction"
  ],
  "final_shape": [
    640,
    640,
    3
  ],
  "original_shape": [
    512,
    720,
    3
  ],
  "perspective_matrix": [
    [
      1.1251100768220637,
      -0.16465025514469206,
      -437.6952615929735
    ],
    [
      0.14108163582153788,
      1.122519102406148,
      -468.7099981041453
    ],
    [
      0.00027694457401291456,
      -8.049125080132057e-05,
      1.0
    ]
  ],
  "perspective_method": "opencv",
  "processing_steps": [
    "document_detection",
    "perspective_correction",
    "image_enhancement",
    "text_enhancement"
  ]
}
